,python c++ opengl computer_vision algorithms computer_science machine_learning data_analysis data_visualization software_design science computer_graphics 3d_visualization big_data object_oriented_design shell_scripting web_services climate_change web_development proposal_writing social_media java javascript jquery_ui jquery android high_performance_computing parallel_computing vtk scientific_computing cmake mpi qt virtual_reality opengl_es data_science geoprocessing geovisualization paraview gdal webgl geographic_information_science scientific_data_management data_analytics big_data_analytics unix_shell_scripting,troubleshooting security software_installation electronics testing technical_support software_documentation maintenance_ _repair dod telecommunications system_administration integration system_deployment video systems_engineering network_administration cabling network_security security+ wireless_networking computer_security calibration wireless soldering help_desk_support field_service printers vpn data_center voip lan-wan firewalls hardware test_equipment computer_hardware servers windows_7 operating_systems cisco_technologies windows_server switches xp windows routers networking security_clearance install structures wiring,java sql enterprise_architecture project_management data_management pmbok javascript microsoft_office oracle_database microsoft_sql_server sharepoint linux html d3,js sybase microsoft_project_server togaf sharepoint_designer data_visualizations archimate dama,team_leadership project_planning change_management epc project_engineering engineering contract_management construction petrochemical refinery procurement project_control piping oil_ _gas construction_management energy project_estimation p id cost_control autocad distributed_team_management team_building contract_negotiation process_piping_design leadership feed refinery_operations,gestión_of_proyectos_of_software análisis_of_negocio java project_management pmp business_intelligence software_development information_technologies_management html bases_of_datos,microsoft_office management sales marketing social_media project_management account_management marketing_strategy inventory_management sales_management office_administration strategic_planning social_networking crm finance research manage_client_relationships product_development portfolio_management human_resources retail credit business_development international_project_management project_planning microsoft_excel microsoft_word powerpoint microsoft_powerpoint time_management customer_service teamwork team_building cross-functional_team_leadership public_speaking leadership employee_management customer_relationship_management_ crm,recruiting airline_booking_engine travel_technology_solutions seo performance_management crm online_marketing hr_consulting business_development change_management travel travel_management talent_acquisition microsoft_office microsoft_excel html css microsoft_word javascript google_analytics hris team_management management customer_service sourcing talent_management team_leadership employee_relations search air_booking_engine flight_booking_engine hotel_booking_engine technology_solutions_for_travel travel_booking_engines_system travel_technology_services travel_technology_company airline_booking_engine_for_travel_agents b2b_travel_services flights_booking_engine airline_ticketing_systems travel_agency_booking_engine air_booking_engine b2c_booking_engine_services b2b_booking_engine_services,itil data_center it_service_management project_management virtualization information_technology infrastructure it_management pmo pre-sales firewalls telecommunications vpn technical_support integration network_architecture pmp disaster_recovery storage troubleshooting wireless_networking it_operations san cluster project_portfolio_management cloud_computing business_process system_deployment windows_server active_directory servers databases vmware_esx operating_systems linux hardware windows microsoft_exchange citrix routers sql team_leadership management networking terminal_server citrix_metaframe enterprise_storage enterprise_backup storage_area_networks virtualization_technology,project_management software_project_management business_analysis requirements_analysis sdlc crm strategy pmp it_strategy it_management project_portfolio_management analysis pmo it_service_management agile_methodologies integration vendor_management it_operations software_development_life_cycle_ sdlc sql ms_project management leadership,hp_quality_center scrum test_management manual_testing agile_testing agile_methodologies test_planning test_strategy functional_testing istqb testing cmmi test_cases regression_testing extract _transform _load_ etl system_testing banking agile_project_management software_quality_assurance quality_center hp_qtp sql microsoft_sql_server test_execution integration_testing system_integration_testing rally black_box_testing e2e datastage billing_systems software_testing_life_cycle_ stlc test_cases regression_test,microsoft_sql_server databases agile_project_management software_project_management software_development agile_methodologies business_intelligence pmp cmmi scrum web_applications automation risk_management web_development quality_management c # sql,net ms_project uml tfs visual_studio iis tableau power_bi r python leadership teamwork cransoft capacity_planning data_science,jquery c # html project_management scrum strategic_planning agile_methodologies microsoft_sql_server,net sql asp,net xml jira css java javascript mysql crystal_reports magento team_management waterfall_project_management software_development software_design microsoft_html5_with_javascript_and_css3,business_analysis accounting forecasting finance financial_analysis business_process_improvement retail requirements_analysis sdlc agile_project_management requirements_gathering scrum process_improvement business_requirements financial_reporting internal_controls gaap agile_methodologies sales strategic_sourcing financial_accounting data_analysis agile it_solutions it_strategy business_strategy software_documentation sap pos enterprise_software interpersonal_skills business_relationship_management training customer_service team_building professional_networking business_networking p l sprint_planning retail_software,java web_services sql industry_knowledge _ agile_methodologies android_development agile programming javascript html mysql subversion apache jsp linux perl struts databases c++ sql_server php j2ee tomcat xml android_sdk c unix eclipse servlets operating_systems docker django ios hbase hadoop git android_studio rational_software_architect rational_team_concert dropwizard microservices global_team_work swagger,requirements_analysis sdlc business_intelligence software_project_management requirements_gathering business_analysis software_development it_strategy change_management crm process_improvement software_development_life_cycle_ sdlc testing release_management analytical_skills software_engineering project_estimation project_coordination java_enterprise_edition microsoft_sql_server java pl/sql jsp,outsourcing project_implementation troubleshooting project_management risk_assessment restructuring process_re-engineering managed_services pre-sales business_process_re-engineering crm employer_branding contract_recruitment pricing vendor_management integration performance_management business_strategy strategy recruiting sales human_resources project_planning telecommunications business_process resource_management change_management sales_operations technical_recruiting consulting permanent_placement business_intelligence executive_search screening_resumes leadership contract_negotiation negotiation strategic_partnerships sourcing management talent_management solution_implementation full_lifecycle_rpo operational_turnaround value_re-engineering technology_implementation financials restructure new_business_development rpo,sourcing recruiting temporary_placement human_resources staffing_services vendor_management technical_recruiting employee_benefits internet_recruiting technical_support benefits_negotiation contract_recruitment screening_resumes screening executive_search onboarding temporary_staffing permanent_placement applicant_tracking_systems management leadership interviews talent_management employee_relations training networking talent_acquisition awesomeness,microsoft_sql_server software_development,net project_management business_planning product_management scrum strategy entrepreneurship research web_development analytics management_consulting virtualization outsourcing web_services continuous_integration cloud_computing databases xml oracle sql c # javascript mysql visual_basic jquery php crystal_reports html css ajax cms cobol asp,net_mvc windows_azure c/c++ team_management problem_solving thought_leadership business_modeling technology_start-up strategic_architecture symfony installshield msbuild software_licensing api new_business_development mvc,software_project_management requirements_analysis sdlc it_strategy global_delivery business_analysis agile_methodologies pmp solution_architecture pre-sales software_development soa software_quality_assurance data_warehousing project_management cmmi etl data_modeling oracle pl/sql waterfall iam,requirements_analysis sql oracle agile_methodologies data_warehousing software_development software_development_life_cycle_ sdlc software_project_management risk_analysis root_cause_analysis change_management problem_management user_acceptance_testing regression_testing business_intelligence unix informatica xml db2 business_objects xcelsius perl performance_appraisal team_building oracle_warehouse_builder software_cost_estimation presenting_proposals proposal_preparation business_objects_data_services effort_estimation technical_hiring,data_analysis user_experience product_requirement_definition agile_project_management business_development scrum product_management product_development product_design mobile_applications e-commerce marketing_strategy project_management agile_methodologies marketing advertising web_development user_experience_design rapid_prototyping business_strategy user_interface_design start-ups strategy software_development_life_cycle_ sdlc program_management software_project_management business_analysis html css jira microsoft_office microsoft_excel leadership mentoring management cross-functional_team_leadership client_services user_experience_testing e-commerce_consulting mobile_application_development confluence,oracle pl/sql databases sdlc requirements_analysis vendor_management etl screening benefits_negotiation data_modeling agile_methodologies business_analysis testing user_acceptance_testing programming data_migration microsoft_sql_server sql unix visio xml visual_basic crystal_reports db2 solaris html sharepoint uml java asp,net t-sql ms_project windows core_java relational_databases linux business_objects oracle_applications asp vbscript perl access mysql c++ business_intelligence_tools oracle_reports erwin sql*plus sql_tuning unix_shell_scripting,microsoft_sql_server sql,net erp itil business_intelligence systems_analysis scrum pmbok cobit project_management asp,net oracle vb,net asp c # visio uml mysql microsoft_project ms_project,net_framework dreamweaver visual_basic_,net_ vb,net rup informix bpmn pmi,agile_methodologies quality_assurance_management product_management test_automation software_development testing scrum sdlc software_engineering scalability distributed_systems business_intelligence cloud_computing integration web_applications test_planning software_documentation business_analysis accounting_and_finance requirements_analysis software_quality_assurance project_management business-to-business_ b2b linux sql java oracle databases enterprise_software xml postgresql saas mysql selenium jira windows unix python junit vmware amazon_web_services_ aws leadership mentoring training storage_management enterprise_storage jmeter zoho_crm confluence user_acceptane_testing_ uat,project_management erp business_process business_analysis business_intelligence pmp it_management business_process_improvement change_management management_consulting itil cmmi software_development team_leadership sistemas_de_planificación_de_recursos_empresariales análisis_de_negocio procesos_de_negocio gestión_de_proyectos consultoría liderazgo_de_equipos inteligencia_empresarial consultoría_de_estrategia_y_operaciones administración_de_las_tecnologías_de_la_información certificación_pmp jde_manufacturing jde_distribution estrategia_ti estrategia mejora_de_procesos_de_negocio jde_scm development,social_media social_media_marketing public_speaking nsales_operations public_relations product_management sales marketing broadcast_television journalism sports_marketing business_development event_planning microsoft_excel powerpoint facebook microsoft_office microsoft_word ntelephone_skills team_leadership customer_service leadership time_management sports_writing new_business_development networking organizational_behavior inside_sales social_networking,business_analyst systems_analyst project_management program_management recruiting sales account_management human_resources technical_recruiting sales_operations customer_retention employee_benefits college_recruiting strategic_planning business_development analysis customer_satisfaction telecommunications market_research process_improvement hiring temporary_placement executive_search applicant_tracking_systems salesforce,com microsoft_office visio sharepoint leadership management personnel_management career_counseling customer_service interviews training employee_relations cold_calling career_development staff_development leadership_development talent_acquisition networking selling technical_recruiter finance_ _accounting_recruiter,program_management business_transformation stakeholder_management outsourcing project_delivery managed_services telecommunications change_management business_process_improvement service_delivery public_sector business_analysis business_strategy strategic_planning professional_services solution_selling cloud_computing account_management business_development organizational_design business_process resource_management business_planning contract_management vendor_management risk_management it_strategy digital_strategy customer_relationship_management_ crm agile_project_management oracle_e-business_suite management contract_negotiation team_leadership people_management stakeholder_engagement culture_change leadership partner_management programme_delivery benefits_realisation proposition_development business_case governance strategy_development financial_management_experience nhs central_government non-executive_director waterfall_project_management,strategic_planning research analyst microsoft_office microsoft_excel microsoft_powerpoint team_leadership,salesforce,com microsoft_dynamics_crm agile_ _waterfall_methodologies business_analysis business_requirements business_process user_acceptance_testing system_testing analytical_skills business_process_improvement accounting account_reconciliation customer_relationship_management_ crm jira microsoft_excel microsoft_powerpoint powerpoint stakeholder_management management time_management training collaborative_problem_solving team_leadership communication teamwork regulation hp_application_lifecycle_management project_life_cycle psd2 gdpr user_stories business_impact_analysis requirements_traceability microsoft_visual_studio_c++ confluence collaboration,business_analysis\project_management\software_project_management software_development erp pmo strategy integration agile_methodologies risk_management cloud_computing cmmi scrum business_intelligence microsoft_office salesforce,com management team_leadership teamwork time_management leadership ca_clarity rally multicultural ca_agile_central,java front-end_development back-end_web_development web_development project_management_office_ pmo automation ui data_warehousing html5 technical_leadership data_science agile_leadership big_data_analytics front-end_coding ux,project_management prince2 consulting outsourcing strategy human_resources recruiting contract_recruitment it_recruitment temporary_placement screening executive_search temporary_staffing recruitment_advertising permanent_placement strategic_sourcing technical_recruiting resource_management screening_resumes graduate_recruitment sales internet_recruiting employer_branding benefits_negotiation applicant_tracking_systems stakeholder_management management team_leadership sourcing training team_building team_management interviews talent_management human_relationship talent_acquisition candidate_generation networking rpo,software_development project_management business_analysis integration project_delivery systems_analysis project_implementation sdlc vendor_management resource_management business_requirements service_delivery system_deployment requirements_analysis user_acceptance_testing software_project_management test_planning it_strategy it_service_management pmp architecture requirements_gathering solution_architecture itil project_portfolio_management business_process databases microsoft_sql_server db2 sharepoint xml cobol visual_basic java javascript,net sap sql oracle html jcl css,microsoft_office sharepoint information_technology technical_support project_management testing software_documentation software_installation troubleshooting system_deployment system_administration windows_7 windows_xp visio computer_hardware microsoft_project operating_systems xp hardware windows vmware os_x active_directory microsoft_access lotus_notes mac_os_x ms_project microsoft_visio customer_service answering_phones networking ibm_tivoli hardware_installation vmware_workstation vmware_fusion life_cycle_assessment ca_clarity determination_to_succeed organization internet close_attention_to_detail fast_learner,project_management vendor_management leadership strategy consulting it_strategy program_management it_management change_management outsourcing business_process_improvement analysis it_service_management crm system_administration integration databases tableau management training coaching intercultural_training,telecommunications security fitness_training project_management satellite_communications_ satcom operational_planning itil_certified prince2 agile_project_management lean_six_sigma program_management project_management_body_of_knowledge_ pmbok risk_management quality _health _safety _and_environment_ qhse identity_ _access_management_ iam microsoft_project microsoft_office training_delivery team_leadership training organizational_leadership mentoring communication bowman prince_practitioner subcontractor_supervision supplier_management sailpoint strategic_manan,project_management management leadership strategy process_improvement strategic_planning consulting business_analysis change_management e-commerce marketing_strategy program_management project_portfolio_management vendor_management product_development business_process_improvement budgets integrated_marketing requirements_analysis web_design web_analytics product_marketing digital_marketing data_analysis retail project_planning web_development interactive_marketing event_management agile_project_management public_relations brand_management project_coordination business_planning software business_process_re-engineering web_project_management account_management software_project_management analytics microsoft_office html ms_project cross-functional_team_leadership negotiation contract_negotiation team_leadership strategic_thinking customer_engagement custom_software,management project_management microsoft_office business_strategy mobile_devices business_development operations_management business_analysis product_management business_intelligence business_process_improvement social_media mysql html microsoft_excel cascading_style_sheets_ css sql team_leadership leadership customer_service teamwork notification new_business_development,project_management information_assurance project_planning information_technology program_management project_delivery risk_management change_management business_analysis requirements_analysis business_process_improvement vendor_management project_engineering project_implementation human_resources data_analysis hr_policies workplace_safety environment _health _and_safety_ ehs military_logistics project_coordination computer_network_operations military_training military_operations environmental_compliance management stakeholder_management customer_service presentation_skills client_liaison people_management people_development driver_training developed_vetting chauffeur cyber_defense cyber_warfare cyber_operations engaging_people hr_project_management military_weapons_handling military_leadership joint_military_operations ministry_of_defence security_clearance driver_hgv cyber-security,accounting business_planning business_ethics logistics_management risk_management corporate_social_responsibility investments banking telemarketing digital_marketing social_media_marketing innovation_management negotiation strategic_enterprise_management,relationship_management creative_solutions project_management strategic_planning professional_services event_planning b2b nonprofits clinical_research psychology social_media public_relations marketing sales marketing_strategy adobe_creative_suite microsoft_office leadership team_building management training coaching public_speaking customer_service strategic_alliances growth_opportunities behavioral_therapy_ aba organizational_communication social_networking vendor_relationship_management,business_analysis project_management business_intelligence integration erp project_delivery business_process change_management requirements_analysis business_process_improvement software_project_management it_management pre-sales project_portfolio_management it_strategy professional_services project_planning crm software_development cloud_computing software_implementation prince2 data_migration process_improvement enterprise_resource_planning_ erp software_documentation business_transformation risk_management systems_analysis customer_relationship_management_ crm enterprise_software microsoft_sql_server databases sql saas ms_project microsoft_project management stakeholder_management team_management training negotiation problem_solving governance,leadership cold_calling training customer_retention crm sales_operations recruiting sales account_management case_managment event_planning it_solutions social_media marketing technical_recruiting project_management salesforce,com google_analytics sap outlook microsoft_office powerpoint microsoft_excel saas microsoft_word applicant_tracking_systems public_speaking time_management team_leadership lead_generation building_relationships customer_service management interviews sourcing windows_ _mac_operating_systems social_networking full-life_cycle_recruiting,project_delivery it_service_management data_center infrastructure project_management virtualization telecommunications prince2 project_portfolio_management itil resource_management service_delivery it_management outsourcing change_management firewalls vendor_management integration it_strategy pmo it_operations business_analysis cabling managed_services program_management pre-sales business_process_improvement requirements_analysis software_project_management security cloud_computing agile_project_management enterprise_architecture business_intelligence business_process solution_architecture disaster_recovery it_outsourcing sdlc switches management team_building team_leadership stakeholder_management leadership networking project_team_building governance service_management,teamwork information_technology time_management research analysis microsoft_word powerpoint customer_service team_leadership team_spirit commercial_awareness articulate social_networking,project_management strategy management business_strategy change_management public_sector account_management business_development business_process_improvement customer_service leadership team_leadership stakeholder_management networking new_business_development,business_analysis analysis sdlc project_management business_requirements vendor_management financial_services it_management banking requirements_analysis requirements_gathering data_analysis software_documentation business_process_improvement risk_management pmo agile_methodologies product_management analytics portfolio_management process_improvement software_project_management project_planning fixed_income integration it_strategy business_intelligence quality_assurance crm business_process securities systems_analysis user_acceptance_testing project_portfolio_management equities change_management product_development testing agile_project_management visio business_objects ms_project sharepoint sap management leadership team_leadership cross-functional_team_leadership team_building mentoring,project_management business_analysis program_management vendor_management marketing content_management mobile_devices agile_methodologies product_management user_experience telecommunications technical_writing content_strategy budgets account_management editing consulting data_analysis sharepoint python cross-functional_team_leadership leadership customer_service software_defined_network,scrum pl/sql power_bi agile_methodologies project_management scrum business_analysis software_development_life_cycle_ sdlc product_development perl sql oracle microsoft_power_bi microsoft_office team_building sql_pl vsts rally version_one,software_project_management project_management pmp agile_project_management project_planning business_analysis project_delivery analysis change_management business_requirements requirements_gathering requirements_analysis business_process business_process_mapping business_process_improvement systems_analysis user_acceptance_testing pmo service_delivery risk_management data_migration general_insurance insurance event_management it_service_management it_operations prince2,account_management project_management leadership recruiting publishing content_marketing technical_recruiting contract_recruitment executive_search permanent_placement start-ups recruitment_advertising business_analysis cloud_computing business_development consulting python java ruby_on_rails oracle linux sql html_5 amazon_web_services_ aws ruby ios android django mongodb objective-c stakeholder_management interviews management team_leadership cocoa_touch amazon_ec2 google_app_engine redis,ventilation air_conditioning hvac heating plumbing renewable_energy boilers contract_management value_engineering construction procurement natural_gas drainage building_services engineering construction_management commercial_management contract_negotiation steam biomass chilled_water central_heating underfloor_heating district_heating compressed_air chp,project_management six_sigma strategic_planning product_development manufacturing kaizen toyota_production_system process_improvement 5s strategy tqm fmea market_research international_business statistics competitive_analysis optimization dmaic pdca international_project_management emerging_markets lean_sigma problem_solving 7_qc_tools 7qc_tools,integration product_management digital_asset_management program_management streaming_media digital_video broadcast solution_architecture pre-sales broadcast_television product_development software_development system_architecture system_design post_production requirements_gathering systems_engineering user_interface_design systems_design analysis content_management integrated_marketing software_engineering iptv linux management broadcast_engineering digital_tv vod satellite,fiber_optic_networks telecommunications training quality_assurance project_management process_improvement technical_writing technical_analysis troubleshooting fiber_optics benefits_negotiation program_management network_design business_process business_process_design testing software_documentation integration crm vendor_management consulting analysis sales security cisco_technologies juniper cisco_routers enterprise_software employee_training leadership cross-functional_team_leadership management veterans networking metrics,sdlc visio agile_methodologies integration business_analysis project_management program_management process_improvement software_documentation quality_assurance vendor_management testing web_development start-ups risk_management pmo technical_writing requirements_analysis agile_project_management software_project_management seo analysis change_management pmp project_planning business_requirements business_intelligence it_management risk_mitigation business_process_improvement scrum agile_ _waterfall_methodologies business_process project_managment resource_management ms_project databases microsoft_sql_server sharepoint sql access mysql windows php management leadership training team_leadership team_building networking,project_management business_analysis quality_assurance requirements_analysis project_planning integration telecommunications analysis troubleshooting software_documentation crm software_project_management six_sigma software_development business_process_improvement security business_process change_management project_delivery scrum project_portfolio_management program_management agile_methodologies test_planning risk_management erp iso quality_management technical_writing software_quality_assurance cmmi pmbok ms_project windows visio jira team_leadership management team_management leadership problem_solving cross-functional_team_leadership integration_testing casino_gaming gaming,software_project_management project_management requirements_analysis business_analysis requirements_gathering e-learning sdlc agile_methodologies vendor_management agile_project_management program_management strategy project_portfolio_management testing software_development project_planning strategic_planning content_management customer_relations blended_learning data_analysis flash moodle html5 microsoft_office educational_technology team_management team_leadership management leadership training critical_thinking customer_service captivate articulate_storyline lectora successfactors social_learning mobile_learning needs_analysis e-learning_consulting onsite-offshore_co-ordination onsite-offshore_delivery_model articulate_suite toolbook traffic_management long-term_customer_relationships customer_loyalty new_technology_evaluation sumtotal,business_analysis software_project_management team_leadership integration project_management requirements_analysis software_development cmmi quality_assurance pmp capability_maturity_model_integration_ cmmi agile_methodologies pmo strategic_planning microsoft_project quality_center ms_project uml hp_quality_center customer_service team_building,web_development user_experience cms web_design user_interface usability user_interface_design start-ups analytics seo video web_applications content_management information_architecture agile_methodologies e-commerce web_analytics dns agile javascript css cascading_style_sheets_ css php html mysql wordpress jquery content_management_systems_ cms databases sql adobe_creative_suite apache dreamweaver node,js html_5 ajax web_2,0 xml google_analytics linux illustrator xhtml sql_server management leadership webcasting dhtml coldfusion front-end hosting
0,1.0,0.6996,0.776,0.6685,0.6103,0.4951,0.4862,0.5059,0.5156,0.2505,0.5709,0.5209,0.6271,0.3465,0.5472,0.5054,0.3092,0.5143,0.2709,0.344,0.4109,0.5725,0.396,0.3649,0.3877,0.1446,0.3773,0.2816,0.3682,0.4382,0.6184,0.2434,0.2484,0.6217,-0.0213,0.4424,0.4981,0.4868,0.5368,0.4573,0.4384,0.5016,0.446,0.2179,0.4405,0.3345,0.543,0.6412,0.4351,0.3662,0.3189,0.6183,0.5051,0.5682,0.5733,0.645,0.6482,0.6514,0.6365,0.3826,0.4136,0.6424,0.5542,0.6149,0.4098,0.4435,0.6887,0.3913,0.4414,0.7048,0.7246,0.5802,0.6933,0.6411,0.4033,0.5962,0.426,0.3734,0.7071,0.8094,0.5539
1,0.6996,1.0,0.9046,0.8768,0.8885,0.6431,0.733,0.7491,0.9221,0.4688,0.8537,0.8213,0.8445,0.3034,0.3162,0.6348,0.7217,0.7053,0.5483,0.6111,0.5519,0.2927,0.4883,0.554,0.5409,0.2888,0.5146,0.1652,0.39,0.1608,0.6088,-0.0224,0.316,0.6033,-0.0462,0.5688,0.535,0.6511,0.5357,0.6196,0.5032,0.6518,0.5515,0.0883,0.6191,0.5173,0.6876,0.4883,0.5378,0.4504,0.3506,0.7352,0.4889,0.7224,0.7141,0.6146,0.7974,0.7778,0.6776,0.4962,0.528,0.62,0.731,0.6413,0.5006,0.6819,0.749,0.5738,0.668,0.5818,0.9154,0.8169,0.8871,0.8012,0.6561,0.9075,0.7904,0.7376,0.846,0.6477,0.7323
2,0.776,0.9046,1.0,0.9199,0.8988,0.8033,0.6889,0.7854,0.7962,0.4251,0.8659,0.8545,0.7643,0.6021,0.4995,0.7494,0.6186,0.7773,0.6294,0.5402,0.5139,0.5744,0.5667,0.496,0.5146,0.3352,0.4682,0.2703,0.3384,0.4556,0.4856,0.1566,0.5036,0.6887,-0.0659,0.4831,0.5186,0.5615,0.4648,0.5178,0.4479,0.4723,0.4416,0.1717,0.476,0.3303,0.5064,0.4225,0.4474,0.4388,0.3319,0.6063,0.3568,0.6026,0.5894,0.5124,0.6791,0.6036,0.6342,0.3707,0.4824,0.5233,0.5358,0.5178,0.3314,0.5836,0.6363,0.6602,0.4918,0.5417,0.885,0.7914,0.8002,0.6975,0.6525,0.753,0.7562,0.7079,0.9367,0.7873,0.8337
3,0.6685,0.8768,0.9199,1.0,0.9512,0.7875,0.8164,0.9083,0.8033,0.4185,0.916,0.8481,0.8835,0.5302,0.5834,0.8808,0.7397,0.9053,0.7695,0.7571,0.7143,0.4734,0.7584,0.7577,0.7657,0.5436,0.606,0.5069,0.5608,0.428,0.6443,0.2558,0.5966,0.7751,-0.0739,0.6722,0.6671,0.7358,0.6258,0.684,0.5921,0.5881,0.6169,0.1479,0.6177,0.3882,0.6213,0.4969,0.6148,0.5982,0.4229,0.5947,0.4488,0.6447,0.6085,0.5249,0.6883,0.6578,0.6626,0.4418,0.5814,0.5892,0.5522,0.5149,0.4141,0.6191,0.6062,0.6182,0.5469,0.4835,0.8796,0.7729,0.8184,0.6965,0.6332,0.7544,0.7321,0.6355,0.7994,0.6123,0.7976
4,0.6103,0.8885,0.8988,0.9512,1.0,0.8118,0.8917,0.9269,0.8613,0.5608,0.8919,0.8324,0.8444,0.4474,0.4113,0.8376,0.8247,0.821,0.7856,0.7872,0.7029,0.4198,0.6347,0.7309,0.6947,0.5268,0.6187,0.4214,0.4607,0.398,0.5651,0.217,0.4957,0.6501,-0.04,0.5552,0.5394,0.6652,0.6201,0.6996,0.6141,0.6288,0.634,0.1049,0.6094,0.4216,0.6205,0.4844,0.6495,0.5752,0.4314,0.6032,0.506,0.6587,0.6518,0.5235,0.7559,0.7101,0.6919,0.5164,0.5991,0.6339,0.6572,0.6305,0.4712,0.7295,0.6256,0.7458,0.6469,0.4569,0.9474,0.8738,0.8844,0.8184,0.7052,0.8223,0.7665,0.6901,0.762,0.5458,0.7458
5,0.4951,0.6431,0.8033,0.7875,0.8118,1.0,0.5997,0.8624,0.5905,0.4673,0.8253,0.7735,0.5389,0.692,0.5515,0.8341,0.5555,0.7132,0.6414,0.5868,0.6223,0.5178,0.5396,0.5247,0.5302,0.6425,0.5895,0.4758,0.4378,0.642,0.4356,0.4375,0.5787,0.7287,-0.0859,0.4952,0.6411,0.6195,0.5795,0.657,0.6284,0.4866,0.4986,0.0044,0.5785,0.1465,0.4568,0.4864,0.5713,0.5913,0.4733,0.5669,0.3203,0.5984,0.5447,0.5501,0.6558,0.4229,0.6923,0.2697,0.4821,0.4708,0.3551,0.3118,0.4001,0.5575,0.516,0.8411,0.4301,0.4676,0.7418,0.7792,0.6683,0.5925,0.7167,0.5919,0.7973,0.6678,0.7976,0.4444,0.9146
6,0.4862,0.733,0.6889,0.8164,0.8917,0.5997,1.0,0.8515,0.8202,0.7061,0.7123,0.7666,0.7888,0.361,0.3095,0.7145,0.9381,0.6676,0.8331,0.9272,0.8163,0.4489,0.6535,0.7897,0.7857,0.5972,0.7391,0.5179,0.4828,0.3082,0.5155,0.2565,0.4031,0.5715,-0.0571,0.5877,0.4383,0.5715,0.6919,0.7458,0.6666,0.7196,0.7215,0.2643,0.5508,0.5587,0.6198,0.3759,0.7917,0.554,0.3396,0.4938,0.6317,0.581,0.6662,0.4044,0.6572,0.7691,0.6128,0.6895,0.6893,0.6709,0.7469,0.7468,0.569,0.7921,0.5881,0.665,0.7535,0.4042,0.8667,0.7807,0.8143,0.8346,0.6631,0.7486,0.5869,0.5871,0.5233,0.4109,0.4617
7,0.5059,0.7491,0.7854,0.9083,0.9269,0.8624,0.8515,1.0,0.7694,0.5156,0.9257,0.8222,0.7983,0.5325,0.5079,0.9338,0.7971,0.885,0.7993,0.8527,0.8413,0.4146,0.769,0.843,0.8309,0.787,0.7534,0.6582,0.6437,0.5215,0.5995,0.4485,0.5318,0.764,-0.1034,0.7157,0.6938,0.7248,0.72,0.7926,0.7221,0.6445,0.6966,0.0689,0.6818,0.3208,0.6078,0.536,0.7516,0.6849,0.558,0.5513,0.4433,0.6116,0.5751,0.5678,0.6778,0.5976,0.6552,0.4191,0.5411,0.6018,0.5189,0.4963,0.4989,0.626,0.5081,0.7435,0.5776,0.4032,0.8276,0.8213,0.7974,0.7123,0.6649,0.6929,0.7312,0.6042,0.6738,0.4416,0.7637
8,0.5156,0.9221,0.7962,0.8033,0.8613,0.5905,0.8202,0.7694,1.0,0.6563,0.8233,0.8511,0.8001,0.2883,0.1385,0.6399,0.8883,0.6612,0.6874,0.7401,0.6027,0.241,0.565,0.6132,0.6273,0.394,0.6866,0.1791,0.3386,0.055,0.4547,-0.051,0.2194,0.566,-0.0873,0.5584,0.4552,0.5726,0.5178,0.6346,0.4681,0.6909,0.5859,0.1399,0.5361,0.5828,0.584,0.3495,0.5953,0.4497,0.2563,0.5895,0.4621,0.5879,0.6794,0.5132,0.6927,0.7325,0.5662,0.5484,0.4964,0.4984,0.755,0.6083,0.5378,0.7268,0.6345,0.5516,0.7158,0.392,0.8558,0.7775,0.8245,0.765,0.6276,0.8528,0.7432,0.731,0.7263,0.5201,0.6104
9,0.2505,0.4688,0.4251,0.4185,0.5608,0.4673,0.7061,0.5156,0.6563,1.0,0.4137,0.5667,0.2911,0.318,0.1251,0.3822,0.804,0.2241,0.7,0.7004,0.5123,0.3287,0.3882,0.3988,0.4847,0.4368,0.723,0.2643,0.1181,0.1951,0.2415,0.1998,0.2596,0.459,-0.0652,0.2779,0.2563,0.4016,0.4614,0.5791,0.4481,0.6776,0.5021,0.4243,0.3946,0.6361,0.4182,0.2395,0.6228,0.5878,0.0858,0.3976,0.633,0.4398,0.6315,0.4048,0.5508,0.5418,0.4894,0.8334,0.5435,0.3825,0.7858,0.5184,0.5978,0.8883,0.5844,0.635,0.8346,0.2989,0.6118,0.6445,0.5979,0.6532,0.7325,0.6589,0.6159,0.7238,0.3996,0.2514,0.3434
10,0.5709,0.8537,0.8659,0.916,0.8919,0.8253,0.7123,0.9257,0.8233,0.4137,1.0,0.8463,0.7791,0.5228,0.4697,0.8694,0.7021,0.9105,0.695,0.6875,0.6948,0.328,0.748,0.7062,0.7415,0.64,0.6388,0.4981,0.5343,0.4326,0.5743,0.3007,0.4611,0.789,-0.1092,0.687,0.681,0.6994,0.5544,0.6585,0.5497,0.5483,0.5173,0.0058,0.6294,0.2499,0.558,0.4879,0.5781,0.6437,0.4774,0.5632,0.2863,0.5716,0.4982,0.5936,0.6422,0.5248,0.5577,0.322,0.3567,0.4848,0.4855,0.3799,0.3635,0.5328,0.5111,0.6521,0.5162,0.3923,0.8092,0.8221,0.8181,0.6406,0.6363,0.7296,0.7856,0.6688,0.8086,0.5898,0.8324
11,0.5209,0.8213,0.8545,0.8481,0.8324,0.7735,0.7666,0.8222,0.8511,0.5667,0.8463,1.0,0.7237,0.6994,0.4142,0.7039,0.7929,0.7101,0.6989,0.7163,0.7309,0.602,0.6323,0.5547,0.6362,0.5782,0.6832,0.3757,0.4496,0.3742,0.4152,0.1942,0.4842,0.7192,-0.1574,0.6766,0.5725,0.5461,0.5763,0.6651,0.5971,0.5951,0.5376,0.2149,0.5256,0.4074,0.5422,0.2458,0.6519,0.4365,0.3019,0.6009,0.3517,0.6156,0.655,0.4195,0.6079,0.6235,0.5993,0.4238,0.5915,0.5164,0.5365,0.508,0.4605,0.6258,0.614,0.7035,0.5823,0.5323,0.8109,0.7743,0.7329,0.6884,0.7436,0.7188,0.7768,0.7737,0.8721,0.6073,0.7716
12,0.6271,0.8445,0.7643,0.8835,0.8444,0.5389,0.7888,0.7983,0.8001,0.2911,0.7791,0.7237,1.0,0.2588,0.45,0.7594,0.7162,0.824,0.5958,0.7391,0.6767,0.3012,0.6448,0.8263,0.7214,0.4518,0.5681,0.4201,0.6895,0.2085,0.7102,0.1587,0.426,0.5759,-0.089,0.734,0.6368,0.7098,0.6784,0.6852,0.6088,0.6443,0.7652,0.1911,0.6626,0.5678,0.7129,0.5619,0.6199,0.4223,0.5449,0.6294,0.5328,0.6622,0.6453,0.5526,0.6932,0.7597,0.6483,0.4006,0.6187,0.667,0.5769,0.6457,0.5558,0.5336,0.5677,0.3972,0.5263,0.4848,0.7841,0.6063,0.7151,0.687,0.4333,0.7296,0.5865,0.4672,0.5993,0.5156,0.6026
13,0.3465,0.3034,0.6021,0.5302,0.4474,0.692,0.361,0.5325,0.2883,0.318,0.5228,0.6994,0.2588,1.0,0.6342,0.543,0.3266,0.525,0.5305,0.3358,0.4523,0.8461,0.5269,0.2459,0.3733,0.5507,0.3574,0.4988,0.296,0.7691,0.0994,0.5461,0.7056,0.6123,-0.1915,0.3996,0.3888,0.2212,0.2586,0.2846,0.3486,0.1038,0.1637,0.4252,0.1831,0.0261,0.1221,0.0086,0.3078,0.3259,0.2553,0.2173,0.0309,0.2394,0.2125,0.1243,0.169,0.072,0.2694,0.1349,0.3257,0.1915,0.0238,0.0984,0.0635,0.2487,0.2183,0.6076,0.1493,0.3255,0.3753,0.4372,0.2748,0.2393,0.5674,0.2176,0.5002,0.5452,0.667,0.6084,0.6379
14,0.5472,0.3162,0.4995,0.5834,0.4113,0.5515,0.3095,0.5079,0.1385,0.1251,0.4697,0.4142,0.45,0.6342,1.0,0.6073,0.1805,0.6068,0.3923,0.4012,0.5198,0.5825,0.5955,0.5316,0.5488,0.5586,0.3497,0.7403,0.7121,0.7442,0.6938,0.7307,0.8412,0.7443,-0.1295,0.6435,0.7644,0.6817,0.5692,0.5211,0.5741,0.3641,0.5007,0.4823,0.6003,0.2923,0.5381,0.5844,0.4498,0.6409,0.5891,0.4989,0.4526,0.5424,0.3972,0.5431,0.4423,0.2905,0.5473,0.331,0.5182,0.4931,0.1892,0.2014,0.3608,0.3223,0.4466,0.388,0.2824,0.5616,0.3616,0.3353,0.333,0.2752,0.4735,0.3459,0.4903,0.392,0.4728,0.4998,0.644
15,0.5054,0.6348,0.7494,0.8808,0.8376,0.8341,0.7145,0.9338,0.6399,0.3822,0.8694,0.7039,0.7594,0.543,0.6073,1.0,0.6529,0.925,0.8035,0.7591,0.7007,0.3879,0.8479,0.8397,0.8251,0.7271,0.7028,0.6701,0.6294,0.5345,0.5621,0.4624,0.5932,0.7964,-0.1108,0.6511,0.7295,0.7315,0.6287,0.6755,0.5737,0.5118,0.6424,0.0952,0.5799,0.2495,0.4571,0.5564,0.5924,0.6728,0.5141,0.4065,0.3435,0.4644,0.439,0.5305,0.5451,0.4234,0.5705,0.2748,0.4312,0.415,0.3374,0.2776,0.3881,0.4723,0.3585,0.5568,0.3752,0.257,0.6793,0.6204,0.6203,0.4864,0.4675,0.5215,0.6249,0.4532,0.603,0.4206,0.7714
16,0.3092,0.7217,0.6186,0.7397,0.8247,0.5555,0.9381,0.7971,0.8883,0.804,0.7021,0.7929,0.7162,0.3266,0.1805,0.6529,1.0,0.6053,0.8527,0.9226,0.7568,0.3016,0.6457,0.7396,0.7619,0.5951,0.7989,0.4083,0.412,0.1409,0.4239,0.1389,0.3496,0.5491,-0.0917,0.5778,0.4253,0.5682,0.6104,0.7258,0.5863,0.7369,0.6855,0.2764,0.5392,0.6339,0.5745,0.2743,0.7482,0.5645,0.2579,0.4691,0.5726,0.5404,0.6642,0.3827,0.6119,0.7047,0.5384,0.7059,0.6353,0.5216,0.7567,0.6254,0.592,0.8201,0.558,0.6149,0.7912,0.2972,0.7863,0.7367,0.7489,0.7536,0.6827,0.7619,0.6594,0.6831,0.5103,0.3087,0.4604
17,0.5143,0.7053,0.7773,0.9053,0.821,0.7132,0.6676,0.885,0.6612,0.2241,0.9105,0.7101,0.824,0.525,0.6068,0.925,0.6053,1.0,0.7282,0.6655,0.6456,0.3416,0.8527,0.8198,0.8005,0.6527,0.5317,0.6364,0.6426,0.5053,0.5794,0.4164,0.6193,0.7362,-0.1225,0.6878,0.6706,0.6796,0.4975,0.5529,0.4729,0.3899,0.5253,0.1434,0.5536,0.2215,0.4697,0.4638,0.4706,0.6092,0.5555,0.388,0.2274,0.4306,0.3249,0.4643,0.474,0.3856,0.4287,0.2179,0.3262,0.4052,0.2954,0.2789,0.2411,0.3642,0.3038,0.4723,0.3268,0.2363,0.6566,0.6152,0.6353,0.4594,0.4416,0.5487,0.6126,0.4724,0.6309,0.5626,0.7269
18,0.2709,0.5483,0.6294,0.7695,0.7856,0.6414,0.8331,0.7993,0.6874,0.7,0.695,0.6989,0.5958,0.5305,0.3923,0.8035,0.8527,0.7282,1.0,0.8432,0.6406,0.4073,0.8247,0.7367,0.806,0.6323,0.7061,0.5582,0.3394,0.3675,0.307,0.3017,0.5922,0.6495,-0.0927,0.45,0.4185,0.5341,0.4395,0.5497,0.4015,0.4746,0.5108,0.3398,0.3569,0.4043,0.3127,0.1927,0.5494,0.649,0.1825,0.1962,0.379,0.3007,0.3971,0.2306,0.386,0.3889,0.3729,0.5606,0.4744,0.2642,0.4824,0.3076,0.3067,0.6609,0.3157,0.5527,0.539,0.061,0.6434,0.5966,0.5789,0.487,0.5695,0.5311,0.572,0.5762,0.4703,0.3377,0.5146
19,0.344,0.6111,0.5402,0.7571,0.7872,0.5868,0.9272,0.8527,0.7401,0.7004,0.6875,0.7163,0.7391,0.3358,0.4012,0.7591,0.9226,0.6655,0.8432,1.0,0.8996,0.3314,0.7582,0.8866,0.9071,0.7657,0.8815,0.6661,0.6447,0.2716,0.6092,0.3612,0.4474,0.6845,-0.0994,0.7376,0.6311,0.7229,0.8007,0.8657,0.7536,0.8112,0.8262,0.2505,0.6714,0.594,0.6663,0.4602,0.8834,0.6982,0.3905,0.5013,0.6655,0.5989,0.6805,0.4846,0.6315,0.7105,0.6327,0.6871,0.7103,0.6168,0.6855,0.5864,0.6765,0.7685,0.5591,0.5767,0.7496,0.3694,0.7295,0.6682,0.7057,0.7041,0.6249,0.6738,0.5891,0.5371,0.4107,0.2113,0.48
20,0.4109,0.5519,0.5139,0.7143,0.7029,0.6223,0.8163,0.8413,0.6027,0.5123,0.6948,0.7309,0.6767,0.4523,0.5198,0.7007,0.7568,0.6456,0.6406,0.8996,1.0,0.461,0.6975,0.8104,0.8598,0.8627,0.8233,0.7869,0.7727,0.4512,0.677,0.5377,0.441,0.7391,-0.1221,0.8646,0.7189,0.6935,0.8807,0.9029,0.8904,0.7775,0.778,0.1531,0.7371,0.4033,0.7271,0.499,0.9488,0.6681,0.5085,0.5923,0.587,0.6664,0.6527,0.5264,0.6209,0.6923,0.6565,0.5506,0.6822,0.7424,0.563,0.5955,0.6473,0.6238,0.582,0.646,0.6727,0.5585,0.6938,0.7024,0.7081,0.71,0.6582,0.6015,0.5501,0.478,0.4708,0.2745,0.5171
21,0.5725,0.2927,0.5744,0.4734,0.4198,0.5178,0.4489,0.4146,0.241,0.3287,0.328,0.602,0.3012,0.8461,0.5825,0.3879,0.3016,0.3416,0.4073,0.3314,0.461,1.0,0.369,0.1926,0.2897,0.354,0.32,0.4304,0.2568,0.7203,0.1538,0.4804,0.5421,0.4876,-0.1221,0.3244,0.2526,0.114,0.3711,0.2953,0.4129,0.1995,0.254,0.506,0.1241,0.1473,0.2029,0.0782,0.3955,0.1688,0.1746,0.277,0.2546,0.2997,0.3501,0.1115,0.2427,0.3103,0.3756,0.2771,0.4908,0.4196,0.1918,0.4243,0.1803,0.3163,0.3687,0.5503,0.2339,0.5182,0.4628,0.4118,0.3289,0.4091,0.4958,0.2305,0.2909,0.3839,0.5844,0.6748,0.4171
22,0.396,0.4883,0.5667,0.7584,0.6347,0.5396,0.6535,0.769,0.565,0.3882,0.748,0.6323,0.6448,0.5269,0.5955,0.8479,0.6457,0.8527,0.8247,0.7582,0.6975,0.369,1.0,0.8133,0.9352,0.7292,0.7244,0.7578,0.59,0.4183,0.4967,0.4564,0.5537,0.8355,-0.1557,0.7083,0.6616,0.6376,0.5053,0.5568,0.4125,0.4447,0.5077,0.2845,0.4308,0.2728,0.3488,0.3449,0.5407,0.7048,0.2972,0.196,0.2597,0.2543,0.2711,0.3605,0.2813,0.3002,0.2903,0.3575,0.2986,0.2469,0.3028,0.1462,0.2565,0.3822,0.2367,0.3005,0.3647,0.1063,0.4856,0.4416,0.4941,0.3026,0.3587,0.3854,0.4342,0.3623,0.4405,0.4276,0.5198
23,0.3649,0.554,0.496,0.7577,0.7309,0.5247,0.7897,0.843,0.6132,0.3988,0.7062,0.5547,0.8263,0.2459,0.5316,0.8397,0.7396,0.8198,0.7367,0.8866,0.8104,0.1926,0.8133,1.0,0.9219,0.7717,0.7327,0.7653,0.8181,0.3469,0.7234,0.4895,0.5203,0.6494,-0.1092,0.787,0.7153,0.7842,0.7545,0.7794,0.6943,0.6691,0.8332,0.2395,0.7183,0.5106,0.6595,0.609,0.7417,0.7043,0.6322,0.447,0.5682,0.5343,0.5056,0.5468,0.5661,0.5771,0.549,0.4813,0.5617,0.5821,0.4949,0.4697,0.5788,0.5408,0.385,0.406,0.5475,0.2713,0.6005,0.5301,0.5966,0.5507,0.4187,0.5662,0.5021,0.3583,0.3016,0.2355,0.4802
24,0.3877,0.5409,0.5146,0.7657,0.6947,0.5302,0.7857,0.8309,0.6273,0.4847,0.7415,0.6362,0.7214,0.3733,0.5488,0.8251,0.7619,0.8005,0.806,0.9071,0.8598,0.2897,0.9352,0.9219,1.0,0.8092,0.8278,0.8079,0.7171,0.3487,0.6568,0.4705,0.4862,0.8121,-0.129,0.8145,0.7273,0.7513,0.7136,0.7621,0.632,0.6674,0.7054,0.2266,0.6224,0.4176,0.57,0.4843,0.7616,0.7717,0.4034,0.3686,0.4857,0.4475,0.4627,0.4868,0.4665,0.5203,0.4643,0.5224,0.4815,0.4762,0.4962,0.36,0.4877,0.5445,0.3999,0.3919,0.5651,0.256,0.5904,0.548,0.6214,0.4972,0.4591,0.527,0.4837,0.3933,0.3781,0.297,0.4815
25,0.1446,0.2888,0.3352,0.5436,0.5268,0.6425,0.5972,0.787,0.394,0.4368,0.64,0.5782,0.4518,0.5507,0.5586,0.7271,0.5951,0.6527,0.6323,0.7657,0.8627,0.354,0.7292,0.7717,0.8092,1.0,0.7531,0.8881,0.758,0.6047,0.5071,0.7565,0.5453,0.7006,-0.1803,0.7745,0.7034,0.6168,0.6968,0.7505,0.7492,0.545,0.6318,0.1941,0.6484,0.2199,0.4982,0.4223,0.7654,0.73,0.6132,0.3613,0.3544,0.4342,0.3651,0.459,0.3951,0.3071,0.4337,0.3491,0.4288,0.46,0.2684,0.2441,0.476,0.4251,0.2653,0.6036,0.4563,0.2746,0.4129,0.5428,0.4512,0.4145,0.5607,0.3648,0.5201,0.4191,0.311,0.1524,0.5166
26,0.3773,0.5146,0.4682,0.606,0.6187,0.5895,0.7391,0.7534,0.6866,0.723,0.6388,0.6832,0.5681,0.3574,0.3497,0.7028,0.7989,0.5317,0.7061,0.8815,0.8233,0.32,0.7244,0.7327,0.8278,0.7531,1.0,0.5939,0.5747,0.2335,0.5298,0.3553,0.2491,0.7724,-0.1411,0.7265,0.6977,0.6813,0.7935,0.8481,0.6967,0.8353,0.7679,0.1761,0.6178,0.5223,0.5594,0.5068,0.8573,0.6829,0.2895,0.4908,0.5823,0.5224,0.6721,0.5912,0.578,0.6146,0.6141,0.5781,0.562,0.4797,0.6183,0.4271,0.7227,0.6782,0.5513,0.4905,0.6816,0.379,0.6056,0.5744,0.602,0.5764,0.535,0.5588,0.546,0.4769,0.4367,0.1985,0.5056
27,0.2816,0.1652,0.2703,0.5069,0.4214,0.4758,0.5179,0.6582,0.1791,0.2643,0.4981,0.3757,0.4201,0.4988,0.7403,0.6701,0.4083,0.6364,0.5582,0.6661,0.7869,0.4304,0.7578,0.7653,0.8079,0.8881,0.5939,1.0,0.7816,0.7083,0.596,0.8694,0.6244,0.6944,-0.1352,0.7228,0.6678,0.5906,0.6567,0.6338,0.6721,0.4324,0.57,0.3253,0.5707,0.1736,0.4686,0.4832,0.6713,0.7457,0.5965,0.2634,0.3944,0.3513,0.2448,0.4122,0.2953,0.2551,0.3594,0.3668,0.3935,0.4849,0.2025,0.2406,0.3548,0.3171,0.2177,0.4332,0.3584,0.282,0.325,0.4011,0.378,0.3221,0.4157,0.2417,0.3089,0.2186,0.1805,0.2385,0.367
28,0.3682,0.39,0.3384,0.5608,0.4607,0.4378,0.4828,0.6437,0.3386,0.1181,0.5343,0.4496,0.6895,0.296,0.7121,0.6294,0.412,0.6426,0.3394,0.6447,0.7727,0.2568,0.59,0.8181,0.7171,0.758,0.5747,0.7816,1.0,0.4454,0.8328,0.6471,0.5492,0.6159,-0.1602,0.9125,0.8557,0.7813,0.826,0.7835,0.8215,0.6334,0.8251,0.2674,0.8376,0.4592,0.7712,0.7008,0.7295,0.5888,0.8185,0.6245,0.5592,0.6687,0.5361,0.6519,0.5652,0.5291,0.6179,0.3165,0.6031,0.6881,0.3179,0.4178,0.6588,0.3418,0.4403,0.335,0.4194,0.5468,0.3979,0.371,0.4088,0.434,0.3877,0.443,0.4585,0.283,0.28,0.216,0.503
29,0.4382,0.1608,0.4556,0.428,0.398,0.642,0.3082,0.5215,0.055,0.1951,0.4326,0.3742,0.2085,0.7691,0.7442,0.5345,0.1409,0.5053,0.3675,0.2716,0.4512,0.7203,0.4183,0.3469,0.3487,0.6047,0.2335,0.7083,0.4454,1.0,0.3128,0.8766,0.6923,0.5181,-0.108,0.3458,0.4001,0.2834,0.3634,0.322,0.4752,0.1073,0.246,0.39,0.3356,-0.0453,0.2465,0.3541,0.3475,0.4939,0.5865,0.2552,0.1981,0.2901,0.1389,0.327,0.2726,0.0746,0.3326,0.1777,0.2665,0.4106,0.0485,0.2266,0.1143,0.2236,0.1958,0.6564,0.175,0.3738,0.3483,0.4768,0.3267,0.321,0.5154,0.1951,0.3872,0.3566,0.4304,0.553,0.5137
30,0.6184,0.6088,0.4856,0.6443,0.5651,0.4356,0.5155,0.5995,0.4547,0.2415,0.5743,0.4152,0.7102,0.0994,0.6938,0.5621,0.4239,0.5794,0.307,0.6092,0.677,0.1538,0.4967,0.7234,0.6568,0.5071,0.5298,0.596,0.8328,0.3128,1.0,0.4425,0.4543,0.6762,-0.0482,0.8029,0.8519,0.9118,0.8324,0.8131,0.7805,0.7829,0.7968,0.1945,0.9177,0.58,0.9222,0.8815,0.7186,0.7168,0.677,0.8168,0.7674,0.8412,0.7172,0.8496,0.8055,0.7384,0.7862,0.5635,0.647,0.806,0.6268,0.5612,0.7314,0.5738,0.7476,0.3652,0.6466,0.7242,0.6062,0.5382,0.6627,0.6261,0.511,0.7053,0.5832,0.4222,0.422,0.3268,0.5649
31,0.2434,-0.0224,0.1566,0.2558,0.217,0.4375,0.2565,0.4485,-0.051,0.1998,0.3007,0.1942,0.1587,0.5461,0.7307,0.4624,0.1389,0.4164,0.3017,0.3612,0.5377,0.4804,0.4564,0.4895,0.4705,0.7565,0.3553,0.8694,0.6471,0.8766,0.4425,1.0,0.6187,0.4968,-0.1404,0.4965,0.5113,0.3908,0.488,0.4389,0.574,0.2409,0.406,0.4423,0.4772,0.0927,0.351,0.4675,0.4723,0.6202,0.7041,0.241,0.3241,0.288,0.1364,0.419,0.2376,0.0666,0.295,0.2609,0.2746,0.4273,0.0707,0.1843,0.2892,0.2086,0.1391,0.4846,0.2439,0.3089,0.1581,0.3208,0.2055,0.2298,0.4134,0.1249,0.2841,0.2238,0.127,0.2884,0.3275
32,0.2484,0.316,0.5036,0.5966,0.4957,0.5787,0.4031,0.5318,0.2194,0.2596,0.4611,0.4842,0.426,0.7056,0.8412,0.5932,0.3496,0.6193,0.5922,0.4474,0.441,0.5421,0.5537,0.5203,0.4862,0.5453,0.2491,0.6244,0.5492,0.6923,0.4543,0.6187,1.0,0.5485,-0.1266,0.4724,0.5382,0.5558,0.3681,0.4039,0.4548,0.2206,0.4111,0.5872,0.4812,0.3388,0.4121,0.2835,0.3322,0.5686,0.5346,0.3548,0.3523,0.4505,0.3144,0.2747,0.3503,0.1839,0.4133,0.3713,0.5525,0.3472,0.1581,0.1615,0.231,0.4073,0.3049,0.5081,0.2933,0.3279,0.3627,0.3691,0.2804,0.2611,0.5884,0.3753,0.5927,0.5659,0.4463,0.4037,0.6205
33,0.6217,0.6033,0.6887,0.7751,0.6501,0.7287,0.5715,0.764,0.566,0.459,0.789,0.7192,0.5759,0.6123,0.7443,0.7964,0.5491,0.7362,0.6495,0.6845,0.7391,0.4876,0.8355,0.6494,0.8121,0.7006,0.7724,0.6944,0.6159,0.5181,0.6762,0.4968,0.5485,1.0,-0.1405,0.7762,0.8594,0.7911,0.6874,0.7314,0.6153,0.6437,0.5659,0.2004,0.641,0.3106,0.5623,0.5805,0.6759,0.7957,0.3466,0.5504,0.4414,0.5647,0.5539,0.6622,0.5659,0.4758,0.6105,0.4512,0.455,0.456,0.4545,0.2445,0.4758,0.5354,0.593,0.4997,0.5214,0.5158,0.6225,0.6093,0.644,0.4696,0.5915,0.5599,0.6523,0.5531,0.6933,0.5162,0.7687
34,-0.0213,-0.0462,-0.0659,-0.0739,-0.04,-0.0859,-0.0571,-0.1034,-0.0873,-0.0652,-0.1092,-0.1574,-0.089,-0.1915,-0.1295,-0.1108,-0.0917,-0.1225,-0.0927,-0.0994,-0.1221,-0.1221,-0.1557,-0.1092,-0.129,-0.1803,-0.1411,-0.1352,-0.1602,-0.108,-0.0482,-0.1404,-0.1266,-0.1405,1.0,-0.1884,-0.148,-0.0781,-0.0856,-0.0918,-0.091,-0.0644,-0.1031,-0.1574,-0.0859,-0.0916,-0.057,-0.0166,-0.0922,-0.0684,-0.1227,-0.0559,-0.0129,-0.0462,-0.0509,-0.0722,-0.0153,-0.0074,-0.0293,-0.0146,-0.0594,-0.0203,0.0034,0.003,-0.0879,-0.0199,-0.0148,-0.0485,-0.0347,-0.0507,-0.0088,-0.0259,0.0022,-0.0039,-0.0751,-0.0332,-0.1075,-0.1094,-0.0908,-0.1076,-0.1138
35,0.4424,0.5688,0.4831,0.6722,0.5552,0.4952,0.5877,0.7157,0.5584,0.2779,0.687,0.6766,0.734,0.3996,0.6435,0.6511,0.5778,0.6878,0.45,0.7376,0.8646,0.3244,0.7083,0.787,0.8145,0.7745,0.7265,0.7228,0.9125,0.3458,0.8029,0.4965,0.4724,0.7762,-0.1884,1.0,0.8859,0.7975,0.827,0.8355,0.8018,0.733,0.7751,0.2312,0.8162,0.4863,0.7829,0.5906,0.8028,0.6249,0.6205,0.6717,0.5233,0.6931,0.6215,0.6544,0.5921,0.6192,0.6165,0.4061,0.5955,0.6589,0.4515,0.4365,0.661,0.4461,0.5641,0.3846,0.5454,0.5989,0.5288,0.5066,0.5611,0.5195,0.5102,0.5708,0.5702,0.4503,0.4848,0.345,0.5858
36,0.4981,0.535,0.5186,0.6671,0.5394,0.6411,0.4383,0.6938,0.4552,0.2563,0.681,0.5725,0.6368,0.3888,0.7644,0.7295,0.4253,0.6706,0.4185,0.6311,0.7189,0.2526,0.6616,0.7153,0.7273,0.7034,0.6977,0.6678,0.8557,0.4001,0.8519,0.5113,0.5382,0.8594,-0.148,0.8859,1.0,0.9251,0.8182,0.8322,0.7624,0.7222,0.7589,0.1332,0.8609,0.4306,0.7492,0.7766,0.7095,0.7314,0.6236,0.7214,0.5506,0.7336,0.6477,0.8071,0.6763,0.5336,0.7412,0.3525,0.5663,0.5735,0.3968,0.2609,0.6784,0.4574,0.6094,0.3915,0.4767,0.6113,0.4995,0.4669,0.5147,0.4255,0.4929,0.5505,0.6561,0.4553,0.5325,0.2806,0.7648
37,0.4868,0.6511,0.5615,0.7358,0.6652,0.6195,0.5715,0.7248,0.5726,0.4016,0.6994,0.5461,0.7098,0.2212,0.6817,0.7315,0.5682,0.6796,0.5341,0.7229,0.6935,0.114,0.6376,0.7842,0.7513,0.6168,0.6813,0.5906,0.7813,0.2834,0.9118,0.3908,0.5558,0.7911,-0.0781,0.7975,0.9251,1.0,0.8081,0.8628,0.7474,0.8065,0.812,0.1554,0.916,0.589,0.8395,0.8183,0.7213,0.8221,0.5995,0.7669,0.7055,0.8094,0.734,0.8313,0.8019,0.6581,0.8,0.5618,0.652,0.6357,0.6035,0.3872,0.7321,0.6596,0.7087,0.4416,0.6551,0.5787,0.6293,0.5726,0.6527,0.5641,0.5845,0.7292,0.743,0.5609,0.5086,0.2363,0.7351
38,0.5368,0.5357,0.4648,0.6258,0.6201,0.5795,0.6919,0.72,0.5178,0.4614,0.5544,0.5763,0.6784,0.2586,0.5692,0.6287,0.6104,0.4975,0.4395,0.8007,0.8807,0.3711,0.5053,0.7545,0.7136,0.6968,0.7935,0.6567,0.826,0.3634,0.8324,0.488,0.3681,0.6874,-0.0856,0.827,0.8182,0.8081,1.0,0.9673,0.9571,0.9048,0.9293,0.1493,0.8632,0.5674,0.8603,0.774,0.9514,0.6337,0.599,0.7836,0.8013,0.8305,0.8363,0.7509,0.8011,0.8159,0.8759,0.5762,0.8056,0.8522,0.6404,0.6679,0.8745,0.6645,0.7454,0.5526,0.6953,0.7407,0.6694,0.5991,0.6539,0.7268,0.5804,0.6374,0.5488,0.4091,0.4248,0.1986,0.5463
39,0.4573,0.6196,0.5178,0.684,0.6996,0.657,0.7458,0.7926,0.6346,0.5791,0.6585,0.6651,0.6852,0.2846,0.5211,0.6755,0.7258,0.5529,0.5497,0.8657,0.9029,0.2953,0.5568,0.7794,0.7621,0.7505,0.8481,0.6338,0.7835,0.322,0.8131,0.4389,0.4039,0.7314,-0.0918,0.8355,0.8322,0.8628,0.9673,1.0,0.9449,0.9391,0.9112,0.1219,0.903,0.5951,0.8732,0.7294,0.963,0.726,0.575,0.8015,0.7826,0.8544,0.8567,0.7638,0.839,0.8103,0.8713,0.6394,0.7933,0.8036,0.7039,0.6265,0.8729,0.7606,0.77,0.6375,0.7825,0.687,0.7262,0.699,0.7292,0.7614,0.6956,0.7374,0.6917,0.5628,0.4952,0.1794,0.6291
40,0.4384,0.5032,0.4479,0.5921,0.6141,0.6284,0.6666,0.7221,0.4681,0.4481,0.5497,0.5971,0.6088,0.3486,0.5741,0.5737,0.5863,0.4729,0.4015,0.7536,0.8904,0.4129,0.4125,0.6943,0.632,0.7492,0.6967,0.6721,0.8215,0.4752,0.7805,0.574,0.4548,0.6153,-0.091,0.8018,0.7624,0.7474,0.9571,0.9449,1.0,0.8334,0.8664,0.1625,0.8812,0.5016,0.8675,0.6949,0.9393,0.6176,0.6875,0.804,0.7504,0.8612,0.801,0.6961,0.7948,0.7631,0.8551,0.5562,0.8155,0.887,0.5905,0.6783,0.8252,0.6605,0.7224,0.6949,0.6968,0.7679,0.661,0.6685,0.6521,0.7554,0.6999,0.6456,0.6154,0.4989,0.4458,0.1935,0.5707
41,0.5016,0.6518,0.4723,0.5881,0.6288,0.4866,0.7196,0.6445,0.6909,0.6776,0.5483,0.5951,0.6443,0.1038,0.3641,0.5118,0.7369,0.3899,0.4746,0.8112,0.7775,0.1995,0.4447,0.6691,0.6674,0.545,0.8353,0.4324,0.6334,0.1073,0.7829,0.2409,0.2206,0.6437,-0.0644,0.733,0.7222,0.8065,0.9048,0.9391,0.8334,1.0,0.8847,0.1798,0.8412,0.7484,0.8749,0.7163,0.9104,0.66,0.4215,0.8171,0.8716,0.8414,0.9223,0.789,0.8639,0.8914,0.8537,0.7626,0.7778,0.7787,0.8605,0.7014,0.9359,0.8373,0.8571,0.5164,0.8804,0.6985,0.7223,0.6528,0.7378,0.7908,0.6517,0.7997,0.6486,0.5722,0.4533,0.1921,0.5024
42,0.446,0.5515,0.4416,0.6169,0.634,0.4986,0.7215,0.6966,0.5859,0.5021,0.5173,0.5376,0.7652,0.1637,0.5007,0.6424,0.6855,0.5253,0.5108,0.8262,0.778,0.254,0.5077,0.8332,0.7054,0.6318,0.7679,0.57,0.8251,0.246,0.7968,0.406,0.4111,0.5659,-0.1031,0.7751,0.7589,0.812,0.9293,0.9112,0.8664,0.8847,1.0,0.2991,0.8466,0.7516,0.8425,0.7536,0.8645,0.5859,0.6552,0.7339,0.8393,0.7894,0.8291,0.7224,0.7893,0.8033,0.8314,0.6064,0.8293,0.7788,0.6652,0.6739,0.9128,0.6932,0.6711,0.4564,0.6961,0.6029,0.6277,0.5084,0.5738,0.6849,0.51,0.6632,0.5658,0.4301,0.3349,0.1625,0.499
43,0.2179,0.0883,0.1717,0.1479,0.1049,0.0044,0.2643,0.0689,0.1399,0.4243,0.0058,0.2149,0.1911,0.4252,0.4823,0.0952,0.2764,0.1434,0.3398,0.2505,0.1531,0.506,0.2845,0.2395,0.2266,0.1941,0.1761,0.3253,0.2674,0.39,0.1945,0.4423,0.5872,0.2004,-0.1574,0.2312,0.1332,0.1554,0.1493,0.1219,0.1625,0.1798,0.2991,1.0,0.1663,0.6346,0.2439,0.078,0.1717,0.2711,0.2852,0.1578,0.4396,0.1841,0.2448,0.1438,0.1288,0.1691,0.127,0.5492,0.418,0.2233,0.3104,0.3177,0.29,0.3756,0.2296,0.152,0.3633,0.2285,0.1041,0.071,0.0425,0.1758,0.3513,0.2414,0.2445,0.41,0.1171,0.4657,0.0692
44,0.4405,0.6191,0.476,0.6177,0.6094,0.5785,0.5508,0.6818,0.5361,0.3946,0.6294,0.5256,0.6626,0.1831,0.6003,0.5799,0.5392,0.5536,0.3569,0.6714,0.7371,0.1241,0.4308,0.7183,0.6224,0.6484,0.6178,0.5707,0.8376,0.3356,0.9177,0.4772,0.4812,0.641,-0.0859,0.8162,0.8609,0.916,0.8632,0.903,0.8812,0.8412,0.8466,0.1663,1.0,0.6134,0.9483,0.8325,0.7976,0.7417,0.7698,0.8863,0.7599,0.9138,0.7904,0.872,0.8735,0.7297,0.8427,0.577,0.7049,0.8071,0.6475,0.5608,0.8315,0.6725,0.7593,0.5674,0.7315,0.7192,0.6309,0.6482,0.6766,0.6897,0.68,0.7736,0.7598,0.6005,0.4711,0.219,0.6667
45,0.3345,0.5173,0.3303,0.3882,0.4216,0.1465,0.5587,0.3208,0.5828,0.6361,0.2499,0.4074,0.5678,0.0261,0.2923,0.2495,0.6339,0.2215,0.4043,0.594,0.4033,0.1473,0.2728,0.5106,0.4176,0.2199,0.5223,0.1736,0.4592,-0.0453,0.58,0.0927,0.3388,0.3106,-0.0916,0.4863,0.4306,0.589,0.5674,0.5951,0.5016,0.7484,0.7516,0.6346,0.6134,1.0,0.7143,0.47,0.5556,0.4174,0.3671,0.634,0.8412,0.6573,0.7765,0.5565,0.6592,0.7229,0.6078,0.7953,0.7495,0.5628,0.7879,0.6454,0.8129,0.7614,0.6835,0.2466,0.7715,0.5016,0.4806,0.3439,0.4311,0.5776,0.5025,0.7048,0.5427,0.5808,0.2609,0.2439,0.2717
46,0.543,0.6876,0.5064,0.6213,0.6205,0.4568,0.6198,0.6078,0.584,0.4182,0.558,0.5422,0.7129,0.1221,0.5381,0.4571,0.5745,0.4697,0.3127,0.6663,0.7271,0.2029,0.3488,0.6595,0.57,0.4982,0.5594,0.4686,0.7712,0.2465,0.9222,0.351,0.4121,0.5623,-0.057,0.7829,0.7492,0.8395,0.8603,0.8732,0.8675,0.8749,0.8425,0.2439,0.9483,0.7143,1.0,0.7732,0.8103,0.6278,0.6717,0.9284,0.8484,0.9543,0.8678,0.8147,0.9035,0.8733,0.859,0.6849,0.7947,0.9092,0.7729,0.746,0.8528,0.7328,0.8636,0.5349,0.8101,0.8231,0.7066,0.6646,0.7384,0.7983,0.6918,0.8416,0.6994,0.6034,0.4874,0.3106,0.5566
47,0.6412,0.4883,0.4225,0.4969,0.4844,0.4864,0.3759,0.536,0.3495,0.2395,0.4879,0.2458,0.5619,0.0086,0.5844,0.5564,0.2743,0.4638,0.1927,0.4602,0.499,0.0782,0.3449,0.609,0.4843,0.4223,0.5068,0.4832,0.7008,0.3541,0.8815,0.4675,0.2835,0.5805,-0.0166,0.5906,0.7766,0.8183,0.774,0.7294,0.6949,0.7163,0.7536,0.078,0.8325,0.47,0.7732,1.0,0.6098,0.6626,0.6996,0.7478,0.7215,0.7367,0.6502,0.9322,0.8009,0.6212,0.7922,0.4274,0.4923,0.7079,0.5483,0.4816,0.7323,0.5013,0.6553,0.3637,0.5337,0.6351,0.53,0.4793,0.5716,0.5585,0.3811,0.5903,0.5125,0.2981,0.3478,0.2619,0.5551
48,0.4351,0.5378,0.4474,0.6148,0.6495,0.5713,0.7917,0.7516,0.5953,0.6228,0.5781,0.6519,0.6199,0.3078,0.4498,0.5924,0.7482,0.4706,0.5494,0.8834,0.9488,0.3955,0.5407,0.7417,0.7616,0.7654,0.8573,0.6713,0.7295,0.3475,0.7186,0.4723,0.3322,0.6759,-0.0922,0.8028,0.7095,0.7213,0.9514,0.963,0.9393,0.9104,0.8645,0.1717,0.7976,0.5556,0.8103,0.6098,1.0,0.6629,0.4927,0.7058,0.7656,0.767,0.8053,0.6431,0.7446,0.8057,0.7837,0.6747,0.78,0.8173,0.7072,0.6958,0.829,0.7455,0.7215,0.6447,0.7925,0.664,0.7044,0.6916,0.7141,0.7828,0.6836,0.6681,0.5675,0.4987,0.4215,0.1894,0.4755
49,0.3662,0.4504,0.4388,0.5982,0.5752,0.5913,0.554,0.6849,0.4497,0.5878,0.6437,0.4365,0.4223,0.3259,0.6409,0.6728,0.5645,0.6092,0.649,0.6982,0.6681,0.1688,0.7048,0.7043,0.7717,0.73,0.6829,0.7457,0.5888,0.4939,0.7168,0.6202,0.5686,0.7957,-0.0684,0.6249,0.7314,0.8221,0.6337,0.726,0.6176,0.66,0.5859,0.2711,0.7417,0.4174,0.6278,0.6626,0.6629,1.0,0.4942,0.5042,0.5967,0.5611,0.4885,0.7013,0.6032,0.4203,0.5502,0.6721,0.4253,0.4831,0.5751,0.2735,0.525,0.6793,0.5385,0.5512,0.6931,0.3593,0.5373,0.6353,0.6422,0.5027,0.6667,0.6162,0.6655,0.5804,0.3887,0.2628,0.5749
50,0.3189,0.3506,0.3319,0.4229,0.4314,0.4733,0.3396,0.558,0.2563,0.0858,0.4774,0.3019,0.5449,0.2553,0.5891,0.5141,0.2579,0.5555,0.1825,0.3905,0.5085,0.1746,0.2972,0.6322,0.4034,0.6132,0.2895,0.5965,0.8185,0.5865,0.677,0.7041,0.5346,0.3466,-0.1227,0.6205,0.6236,0.5995,0.599,0.575,0.6875,0.4215,0.6552,0.2852,0.7698,0.3671,0.6717,0.6996,0.4927,0.4942,1.0,0.5997,0.4646,0.6153,0.3994,0.6653,0.5839,0.3749,0.5441,0.2214,0.4313,0.6514,0.2603,0.4312,0.5389,0.299,0.3362,0.4855,0.3566,0.4742,0.3654,0.4419,0.3815,0.456,0.434,0.4579,0.5307,0.3664,0.2655,0.2906,0.5063
51,0.6183,0.7352,0.6063,0.5947,0.6032,0.5669,0.4938,0.5513,0.5895,0.3976,0.5632,0.6009,0.6294,0.2173,0.4989,0.4065,0.4691,0.388,0.1962,0.5013,0.5923,0.277,0.196,0.447,0.3686,0.3613,0.4908,0.2634,0.6245,0.2552,0.8168,0.241,0.3548,0.5504,-0.0559,0.6717,0.7214,0.7669,0.7836,0.8015,0.804,0.8171,0.7339,0.1578,0.8863,0.634,0.9284,0.7478,0.7058,0.5042,0.5997,1.0,0.7571,0.9814,0.9086,0.8423,0.9416,0.84,0.9167,0.5653,0.7551,0.8508,0.7214,0.692,0.8239,0.7,0.9243,0.5997,0.738,0.913,0.7269,0.6875,0.7211,0.7849,0.7255,0.8441,0.7797,0.6808,0.6662,0.3935,0.6975
52,0.5051,0.4889,0.3568,0.4488,0.506,0.3203,0.6317,0.4433,0.4621,0.633,0.2863,0.3517,0.5328,0.0309,0.4526,0.3435,0.5726,0.2274,0.379,0.6655,0.587,0.2546,0.2597,0.5682,0.4857,0.3544,0.5823,0.3944,0.5592,0.1981,0.7674,0.3241,0.3523,0.4414,-0.0129,0.5233,0.5506,0.7055,0.8013,0.7826,0.7504,0.8716,0.8393,0.4396,0.7599,0.8412,0.8484,0.7215,0.7656,0.5967,0.4646,0.7571,1.0,0.8087,0.8681,0.7141,0.8253,0.8391,0.8243,0.8633,0.8458,0.8127,0.8515,0.7706,0.8942,0.8438,0.8301,0.4569,0.8503,0.7068,0.6194,0.5173,0.6045,0.7477,0.6093,0.7325,0.5314,0.5046,0.2742,0.2013,0.3358
53,0.5682,0.7224,0.6026,0.6447,0.6587,0.5984,0.581,0.6116,0.5879,0.4398,0.5716,0.6156,0.6622,0.2394,0.5424,0.4644,0.5404,0.4306,0.3007,0.5989,0.6664,0.2997,0.2543,0.5343,0.4475,0.4342,0.5224,0.3513,0.6687,0.2901,0.8412,0.288,0.4505,0.5647,-0.0462,0.6931,0.7336,0.8094,0.8305,0.8544,0.8612,0.8414,0.7894,0.1841,0.9138,0.6573,0.9543,0.7367,0.767,0.5611,0.6153,0.9814,0.8087,1.0,0.9242,0.7999,0.9499,0.8612,0.9413,0.6277,0.8387,0.8835,0.737,0.7152,0.8369,0.7576,0.9194,0.6474,0.7727,0.8893,0.756,0.7092,0.7379,0.8116,0.7676,0.8545,0.7895,0.6902,0.6292,0.3332,0.6933
54,0.5733,0.7141,0.5894,0.6085,0.6518,0.5447,0.6662,0.5751,0.6794,0.6315,0.4982,0.655,0.6453,0.2125,0.3972,0.439,0.6642,0.3249,0.3971,0.6805,0.6527,0.3501,0.2711,0.5056,0.4627,0.3651,0.6721,0.2448,0.5361,0.1389,0.7172,0.1364,0.3144,0.5539,-0.0509,0.6215,0.6477,0.734,0.8363,0.8567,0.801,0.9223,0.8291,0.2448,0.7904,0.7765,0.8678,0.6502,0.8053,0.4885,0.3994,0.9086,0.8681,0.9242,1.0,0.7344,0.9182,0.9236,0.9378,0.7208,0.8889,0.8086,0.8356,0.7593,0.9132,0.849,0.9423,0.5863,0.8314,0.8311,0.7724,0.6561,0.7104,0.8229,0.7184,0.8375,0.7212,0.6704,0.6023,0.2989,0.6011
55,0.645,0.6146,0.5124,0.5249,0.5235,0.5501,0.4044,0.5678,0.5132,0.4048,0.5936,0.4195,0.5526,0.1243,0.5431,0.5305,0.3827,0.4643,0.2306,0.4846,0.5264,0.1115,0.3605,0.5468,0.4868,0.459,0.5912,0.4122,0.6519,0.327,0.8496,0.419,0.2747,0.6622,-0.0722,0.6544,0.8071,0.8313,0.7509,0.7638,0.6961,0.789,0.7224,0.1438,0.872,0.5565,0.8147,0.9322,0.6431,0.7013,0.6653,0.8423,0.7141,0.7999,0.7344,1.0,0.8599,0.656,0.8047,0.5124,0.4905,0.69,0.6594,0.4937,0.7884,0.6075,0.7608,0.4634,0.6643,0.7051,0.5947,0.5988,0.6573,0.6277,0.5501,0.7283,0.6981,0.5356,0.5144,0.378,0.6642
56,0.6482,0.7974,0.6791,0.6883,0.7559,0.6558,0.6572,0.6778,0.6927,0.5508,0.6422,0.6079,0.6932,0.169,0.4423,0.5451,0.6119,0.474,0.386,0.6315,0.6209,0.2427,0.2813,0.5661,0.4665,0.3951,0.578,0.2953,0.5652,0.2726,0.8055,0.2376,0.3503,0.5659,-0.0153,0.5921,0.6763,0.8019,0.8011,0.839,0.7948,0.8639,0.7893,0.1288,0.8735,0.6592,0.9035,0.8009,0.7446,0.6032,0.5839,0.9416,0.8253,0.9499,0.9182,0.8599,1.0,0.8806,0.9472,0.6625,0.7582,0.8524,0.8276,0.7517,0.8346,0.8266,0.9152,0.6842,0.8173,0.8042,0.8466,0.7912,0.8321,0.8789,0.7503,0.9137,0.8105,0.7005,0.65,0.3806,0.7044
57,0.6514,0.7778,0.6036,0.6578,0.7101,0.4229,0.7691,0.5976,0.7325,0.5418,0.5248,0.6235,0.7597,0.072,0.2905,0.4234,0.7047,0.3856,0.3889,0.7105,0.6923,0.3103,0.3002,0.5771,0.5203,0.3071,0.6146,0.2551,0.5291,0.0746,0.7384,0.0666,0.1839,0.4758,-0.0074,0.6192,0.5336,0.6581,0.8159,0.8103,0.7631,0.8914,0.8033,0.1691,0.7297,0.7229,0.8733,0.6212,0.8057,0.4203,0.3749,0.84,0.8391,0.8612,0.9236,0.656,0.8806,1.0,0.8478,0.7135,0.8191,0.8834,0.8803,0.8972,0.8207,0.7962,0.895,0.5183,0.8287,0.7829,0.8432,0.6957,0.8107,0.9052,0.6223,0.8505,0.5786,0.5414,0.5425,0.3644,0.4445
58,0.6365,0.6776,0.6342,0.6626,0.6919,0.6923,0.6128,0.6552,0.5662,0.4894,0.5577,0.5993,0.6483,0.2694,0.5473,0.5705,0.5384,0.4287,0.3729,0.6327,0.6565,0.3756,0.2903,0.549,0.4643,0.4337,0.6141,0.3594,0.6179,0.3326,0.7862,0.295,0.4133,0.6105,-0.0293,0.6165,0.7412,0.8,0.8759,0.8713,0.8551,0.8537,0.8314,0.127,0.8427,0.6078,0.859,0.7922,0.7837,0.5502,0.5441,0.9167,0.8243,0.9413,0.9378,0.8047,0.9472,0.8478,1.0,0.5847,0.8482,0.8372,0.7051,0.685,0.8564,0.7611,0.8924,0.6537,0.7102,0.8458,0.7749,0.6756,0.7077,0.789,0.6898,0.7761,0.7283,0.5946,0.6227,0.299,0.7214
59,0.3826,0.4962,0.3707,0.4418,0.5164,0.2697,0.6895,0.4191,0.5484,0.8334,0.322,0.4238,0.4006,0.1349,0.331,0.2748,0.7059,0.2179,0.5606,0.6871,0.5506,0.2771,0.3575,0.4813,0.5224,0.3491,0.5781,0.3668,0.3165,0.1777,0.5635,0.2609,0.3713,0.4512,-0.0146,0.4061,0.3525,0.5618,0.5762,0.6394,0.5562,0.7626,0.6064,0.5492,0.577,0.7953,0.6849,0.4274,0.6747,0.6721,0.2214,0.5653,0.8633,0.6277,0.7208,0.5124,0.6625,0.7135,0.5847,1.0,0.7001,0.6287,0.9037,0.6868,0.6829,0.9215,0.7512,0.5092,0.9358,0.5118,0.6243,0.604,0.6575,0.7252,0.7325,0.7562,0.5612,0.6629,0.3088,0.2863,0.2475
60,0.4136,0.528,0.4824,0.5814,0.5991,0.4821,0.6893,0.5411,0.4964,0.5435,0.3567,0.5915,0.6187,0.3257,0.5182,0.4312,0.6353,0.3262,0.4744,0.7103,0.6822,0.4908,0.2986,0.5617,0.4815,0.4288,0.562,0.3935,0.6031,0.2665,0.647,0.2746,0.5525,0.455,-0.0594,0.5955,0.5663,0.652,0.8056,0.7933,0.8155,0.7778,0.8293,0.418,0.7049,0.7495,0.7947,0.4923,0.78,0.4253,0.4313,0.7551,0.8458,0.8387,0.8889,0.4905,0.7582,0.8191,0.8482,0.7001,1.0,0.791,0.6699,0.7295,0.8087,0.7751,0.7841,0.5683,0.7134,0.74,0.658,0.5192,0.54,0.7176,0.6803,0.6742,0.5913,0.5705,0.4435,0.2068,0.4856
61,0.6424,0.62,0.5233,0.5892,0.6339,0.4708,0.6709,0.6018,0.4984,0.3825,0.4848,0.5164,0.667,0.1915,0.4931,0.415,0.5216,0.4052,0.2642,0.6168,0.7424,0.4196,0.2469,0.5821,0.4762,0.46,0.4797,0.4849,0.6881,0.4106,0.806,0.4273,0.3472,0.456,-0.0203,0.6589,0.5735,0.6357,0.8522,0.8036,0.887,0.7787,0.7788,0.2233,0.8071,0.5628,0.9092,0.7079,0.8173,0.4831,0.6514,0.8508,0.8127,0.8835,0.8086,0.69,0.8524,0.8834,0.8372,0.6287,0.791,1.0,0.7257,0.8934,0.7624,0.6782,0.8149,0.6407,0.7433,0.8615,0.7581,0.7126,0.7581,0.8839,0.6701,0.7504,0.5468,0.4845,0.4739,0.3972,0.4493
62,0.5542,0.731,0.5358,0.5522,0.6572,0.3551,0.7469,0.5189,0.755,0.7858,0.4855,0.5365,0.5769,0.0238,0.1892,0.3374,0.7567,0.2954,0.4824,0.6855,0.563,0.1918,0.3028,0.4949,0.4962,0.2684,0.6183,0.2025,0.3179,0.0485,0.6268,0.0707,0.1581,0.4545,0.0034,0.4515,0.3968,0.6035,0.6404,0.7039,0.5905,0.8605,0.6652,0.3104,0.6475,0.7879,0.7729,0.5483,0.7072,0.5751,0.2603,0.7214,0.8515,0.737,0.8356,0.6594,0.8276,0.8803,0.7051,0.9037,0.6699,0.7257,1.0,0.8142,0.7612,0.9252,0.8618,0.5373,0.961,0.6152,0.7956,0.7348,0.826,0.8763,0.7077,0.9006,0.6395,0.6822,0.474,0.3758,0.3617
63,0.6149,0.6413,0.5178,0.5149,0.6305,0.3118,0.7468,0.4963,0.6083,0.5184,0.3799,0.508,0.6457,0.0984,0.2014,0.2776,0.6254,0.2789,0.3076,0.5864,0.5955,0.4243,0.1462,0.4697,0.36,0.2441,0.4271,0.2406,0.4178,0.2266,0.5612,0.1843,0.1615,0.2445,0.003,0.4365,0.2609,0.3872,0.6679,0.6265,0.6783,0.7014,0.6739,0.3177,0.5608,0.6454,0.746,0.4816,0.6958,0.2735,0.4312,0.692,0.7706,0.7152,0.7593,0.4937,0.7517,0.8972,0.685,0.6868,0.7295,0.8934,0.8142,1.0,0.6821,0.7172,0.7444,0.5736,0.7654,0.7083,0.7775,0.682,0.7405,0.9185,0.5973,0.7483,0.4359,0.4755,0.4208,0.454,0.2447
64,0.4098,0.5006,0.3314,0.4141,0.4712,0.4001,0.569,0.4989,0.5378,0.5978,0.3635,0.4605,0.5558,0.0635,0.3608,0.3881,0.592,0.2411,0.3067,0.6765,0.6473,0.1803,0.2565,0.5788,0.4877,0.476,0.7227,0.3548,0.6588,0.1143,0.7314,0.2892,0.231,0.4758,-0.0879,0.661,0.6784,0.7321,0.8745,0.8729,0.8252,0.9359,0.9128,0.29,0.8315,0.8129,0.8528,0.7323,0.829,0.525,0.5389,0.8239,0.8942,0.8369,0.9132,0.7884,0.8346,0.8207,0.8564,0.6829,0.8087,0.7624,0.7612,0.6821,1.0,0.7547,0.7941,0.452,0.7881,0.7126,0.5644,0.4908,0.5411,0.6956,0.5705,0.6975,0.5941,0.5089,0.3275,0.1077,0.4408
65,0.4435,0.6819,0.5836,0.6191,0.7295,0.5575,0.7921,0.626,0.7268,0.8883,0.5328,0.6258,0.5336,0.2487,0.3223,0.4723,0.8201,0.3642,0.6609,0.7685,0.6238,0.3163,0.3822,0.5408,0.5445,0.4251,0.6782,0.3171,0.3418,0.2236,0.5738,0.2086,0.4073,0.5354,-0.0199,0.4461,0.4574,0.6596,0.6645,0.7606,0.6605,0.8373,0.6932,0.3756,0.6725,0.7614,0.7328,0.5013,0.7455,0.6793,0.299,0.7,0.8438,0.7576,0.849,0.6075,0.8266,0.7962,0.7611,0.9215,0.7751,0.6782,0.9252,0.7172,0.7547,1.0,0.8343,0.7119,0.9535,0.5775,0.8062,0.7786,0.7886,0.8468,0.8484,0.8805,0.7666,0.8023,0.5332,0.3144,0.5128
66,0.6887,0.749,0.6363,0.6062,0.6256,0.516,0.5881,0.5081,0.6345,0.5844,0.5111,0.614,0.5677,0.2183,0.4466,0.3585,0.558,0.3038,0.3157,0.5591,0.582,0.3687,0.2367,0.385,0.3999,0.2653,0.5513,0.2177,0.4403,0.1958,0.7476,0.1391,0.3049,0.593,-0.0148,0.5641,0.6094,0.7087,0.7454,0.77,0.7224,0.8571,0.6711,0.2296,0.7593,0.6835,0.8636,0.6553,0.7215,0.5385,0.3362,0.9243,0.8301,0.9194,0.9423,0.7608,0.9152,0.895,0.8924,0.7512,0.7841,0.8149,0.8618,0.7444,0.7941,0.8343,1.0,0.5939,0.8461,0.8941,0.7962,0.7184,0.7885,0.8356,0.7663,0.8737,0.7276,0.7079,0.6785,0.4405,0.6057
67,0.3913,0.5738,0.6602,0.6182,0.7458,0.8411,0.665,0.7435,0.5516,0.635,0.6521,0.7035,0.3972,0.6076,0.388,0.5568,0.6149,0.4723,0.5527,0.5767,0.646,0.5503,0.3005,0.406,0.3919,0.6036,0.4905,0.4332,0.335,0.6564,0.3652,0.4846,0.5081,0.4997,-0.0485,0.3846,0.3915,0.4416,0.5526,0.6375,0.6949,0.5164,0.4564,0.152,0.5674,0.2466,0.5349,0.3637,0.6447,0.5512,0.4855,0.5997,0.4569,0.6474,0.5863,0.4634,0.6842,0.5183,0.6537,0.5092,0.5683,0.6407,0.5373,0.5736,0.452,0.7119,0.5939,1.0,0.6474,0.5535,0.7692,0.8965,0.739,0.7835,0.9021,0.6799,0.7722,0.7674,0.6776,0.4191,0.6775
68,0.4414,0.668,0.4918,0.5469,0.6469,0.4301,0.7535,0.5776,0.7158,0.8346,0.5162,0.5823,0.5263,0.1493,0.2824,0.3752,0.7912,0.3268,0.539,0.7496,0.6727,0.2339,0.3647,0.5475,0.5651,0.4563,0.6816,0.3584,0.4194,0.175,0.6466,0.2439,0.2933,0.5214,-0.0347,0.5454,0.4767,0.6551,0.6953,0.7825,0.6968,0.8804,0.6961,0.3633,0.7315,0.7715,0.8101,0.5337,0.7925,0.6931,0.3566,0.738,0.8503,0.7727,0.8314,0.6643,0.8173,0.8287,0.7102,0.9358,0.7134,0.7433,0.961,0.7654,0.7881,0.9535,0.8461,0.6474,1.0,0.6239,0.7622,0.7769,0.8113,0.8653,0.8254,0.8911,0.7151,0.7605,0.4698,0.3206,0.4135
69,0.7048,0.5818,0.5417,0.4835,0.4569,0.4676,0.4042,0.4032,0.392,0.2989,0.3923,0.5323,0.4848,0.3255,0.5616,0.257,0.2972,0.2363,0.061,0.3694,0.5585,0.5182,0.1063,0.2713,0.256,0.2746,0.379,0.282,0.5468,0.3738,0.7242,0.3089,0.3279,0.5158,-0.0507,0.5989,0.6113,0.5787,0.7407,0.687,0.7679,0.6985,0.6029,0.2285,0.7192,0.5016,0.8231,0.6351,0.664,0.3593,0.4742,0.913,0.7068,0.8893,0.8311,0.7051,0.8042,0.7829,0.8458,0.5118,0.74,0.8615,0.6152,0.7083,0.7126,0.5775,0.8941,0.5535,0.6239,1.0,0.6418,0.5881,0.6202,0.7244,0.6597,0.6748,0.5811,0.5414,0.6313,0.4815,0.5657
70,0.7246,0.9154,0.885,0.8796,0.9474,0.7418,0.8667,0.8276,0.8558,0.6118,0.8092,0.8109,0.7841,0.3753,0.3616,0.6793,0.7863,0.6566,0.6434,0.7295,0.6938,0.4628,0.4856,0.6005,0.5904,0.4129,0.6056,0.325,0.3979,0.3483,0.6062,0.1581,0.3627,0.6225,-0.0088,0.5288,0.4995,0.6293,0.6694,0.7262,0.661,0.7223,0.6277,0.1041,0.6309,0.4806,0.7066,0.53,0.7044,0.5373,0.3654,0.7269,0.6194,0.756,0.7724,0.5947,0.8466,0.8432,0.7749,0.6243,0.658,0.7581,0.7956,0.7775,0.5644,0.8062,0.7962,0.7692,0.7622,0.6418,1.0,0.9243,0.9581,0.9324,0.767,0.8941,0.7513,0.7144,0.7986,0.5931,0.688
71,0.5802,0.8169,0.7914,0.7729,0.8738,0.7792,0.7807,0.8213,0.7775,0.6445,0.8221,0.7743,0.6063,0.4372,0.3353,0.6204,0.7367,0.6152,0.5966,0.6682,0.7024,0.4118,0.4416,0.5301,0.548,0.5428,0.5744,0.4011,0.371,0.4768,0.5382,0.3208,0.3691,0.6093,-0.0259,0.5066,0.4669,0.5726,0.5991,0.699,0.6685,0.6528,0.5084,0.071,0.6482,0.3439,0.6646,0.4793,0.6916,0.6353,0.4419,0.6875,0.5173,0.7092,0.6561,0.5988,0.7912,0.6957,0.6756,0.604,0.5192,0.7126,0.7348,0.682,0.4908,0.7786,0.7184,0.8965,0.7769,0.5881,0.9243,1.0,0.9523,0.904,0.8742,0.8636,0.8075,0.7895,0.7679,0.5543,0.6858
72,0.6933,0.8871,0.8002,0.8184,0.8844,0.6683,0.8143,0.7974,0.8245,0.5979,0.8181,0.7329,0.7151,0.2748,0.333,0.6203,0.7489,0.6353,0.5789,0.7057,0.7081,0.3289,0.4941,0.5966,0.6214,0.4512,0.602,0.378,0.4088,0.3267,0.6627,0.2055,0.2804,0.644,0.0022,0.5611,0.5147,0.6527,0.6539,0.7292,0.6521,0.7378,0.5738,0.0425,0.6766,0.4311,0.7384,0.5716,0.7141,0.6422,0.3815,0.7211,0.6045,0.7379,0.7104,0.6573,0.8321,0.8107,0.7077,0.6575,0.54,0.7581,0.826,0.7405,0.5411,0.7886,0.7885,0.739,0.8113,0.6202,0.9581,0.9523,1.0,0.9235,0.7713,0.9061,0.7355,0.6993,0.7348,0.5645,0.6254
73,0.6411,0.8012,0.6975,0.6965,0.8184,0.5925,0.8346,0.7123,0.765,0.6532,0.6406,0.6884,0.687,0.2393,0.2752,0.4864,0.7536,0.4594,0.487,0.7041,0.71,0.4091,0.3026,0.5507,0.4972,0.4145,0.5764,0.3221,0.434,0.321,0.6261,0.2298,0.2611,0.4696,-0.0039,0.5195,0.4255,0.5641,0.7268,0.7614,0.7554,0.7908,0.6849,0.1758,0.6897,0.5776,0.7983,0.5585,0.7828,0.5027,0.456,0.7849,0.7477,0.8116,0.8229,0.6277,0.8789,0.9052,0.789,0.7252,0.7176,0.8839,0.8763,0.9185,0.6956,0.8468,0.8356,0.7835,0.8653,0.7244,0.9324,0.904,0.9235,1.0,0.7959,0.8966,0.6885,0.6858,0.634,0.4885,0.5143
74,0.4033,0.6561,0.6525,0.6332,0.7052,0.7167,0.6631,0.6649,0.6276,0.7325,0.6363,0.7436,0.4333,0.5674,0.4735,0.4675,0.6827,0.4416,0.5695,0.6249,0.6582,0.4958,0.3587,0.4187,0.4591,0.5607,0.535,0.4157,0.3877,0.5154,0.511,0.4134,0.5884,0.5915,-0.0751,0.5102,0.4929,0.5845,0.5804,0.6956,0.6999,0.6517,0.51,0.3513,0.68,0.5025,0.6918,0.3811,0.6836,0.6667,0.434,0.7255,0.6093,0.7676,0.7184,0.5501,0.7503,0.6223,0.6898,0.7325,0.6803,0.6701,0.7077,0.5973,0.5705,0.8484,0.7663,0.9021,0.8254,0.6597,0.767,0.8742,0.7713,0.7959,1.0,0.8238,0.8772,0.9237,0.711,0.461,0.6809
75,0.5962,0.9075,0.753,0.7544,0.8223,0.5919,0.7486,0.6929,0.8528,0.6589,0.7296,0.7188,0.7296,0.2176,0.3459,0.5215,0.7619,0.5487,0.5311,0.6738,0.6015,0.2305,0.3854,0.5662,0.527,0.3648,0.5588,0.2417,0.443,0.1951,0.7053,0.1249,0.3753,0.5599,-0.0332,0.5708,0.5505,0.7292,0.6374,0.7374,0.6456,0.7997,0.6632,0.2414,0.7736,0.7048,0.8416,0.5903,0.6681,0.6162,0.4579,0.8441,0.7325,0.8545,0.8375,0.7283,0.9137,0.8505,0.7761,0.7562,0.6742,0.7504,0.9006,0.7483,0.6975,0.8805,0.8737,0.6799,0.8911,0.6748,0.8941,0.8636,0.9061,0.8966,0.8238,1.0,0.8672,0.8471,0.7143,0.5116,0.6599
76,0.426,0.7904,0.7562,0.7321,0.7665,0.7973,0.5869,0.7312,0.7432,0.6159,0.7856,0.7768,0.5865,0.5002,0.4903,0.6249,0.6594,0.6126,0.572,0.5891,0.5501,0.2909,0.4342,0.5021,0.4837,0.5201,0.546,0.3089,0.4585,0.3872,0.5832,0.2841,0.5927,0.6523,-0.1075,0.5702,0.6561,0.743,0.5488,0.6917,0.6154,0.6486,0.5658,0.2445,0.7598,0.5427,0.6994,0.5125,0.5675,0.6655,0.5307,0.7797,0.5314,0.7895,0.7212,0.6981,0.8105,0.5786,0.7283,0.5612,0.5913,0.5468,0.6395,0.4359,0.5941,0.7666,0.7276,0.7722,0.7151,0.5811,0.7513,0.8075,0.7355,0.6885,0.8772,0.8672,1.0,0.9426,0.7949,0.4661,0.878
77,0.3734,0.7376,0.7079,0.6355,0.6901,0.6678,0.5871,0.6042,0.731,0.7238,0.6688,0.7737,0.4672,0.5452,0.392,0.4532,0.6831,0.4724,0.5762,0.5371,0.478,0.3839,0.3623,0.3583,0.3933,0.4191,0.4769,0.2186,0.283,0.3566,0.4222,0.2238,0.5659,0.5531,-0.1094,0.4503,0.4553,0.5609,0.4091,0.5628,0.4989,0.5722,0.4301,0.41,0.6005,0.5808,0.6034,0.2981,0.4987,0.5804,0.3664,0.6808,0.5046,0.6902,0.6704,0.5356,0.7005,0.5414,0.5946,0.6629,0.5705,0.4845,0.6822,0.4755,0.5089,0.8023,0.7079,0.7674,0.7605,0.5414,0.7144,0.7895,0.6993,0.6858,0.9237,0.8471,0.9426,1.0,0.7683,0.5331,0.7305
78,0.7071,0.846,0.9367,0.7994,0.762,0.7976,0.5233,0.6738,0.7263,0.3996,0.8086,0.8721,0.5993,0.667,0.4728,0.603,0.5103,0.6309,0.4703,0.4107,0.4708,0.5844,0.4405,0.3016,0.3781,0.311,0.4367,0.1805,0.28,0.4304,0.422,0.127,0.4463,0.6933,-0.0908,0.4848,0.5325,0.5086,0.4248,0.4952,0.4458,0.4533,0.3349,0.1171,0.4711,0.2609,0.4874,0.3478,0.4215,0.3887,0.2655,0.6662,0.2742,0.6292,0.6023,0.5144,0.65,0.5425,0.6227,0.3088,0.4435,0.4739,0.474,0.4208,0.3275,0.5332,0.6785,0.6776,0.4698,0.6313,0.7986,0.7679,0.7348,0.634,0.711,0.7143,0.7949,0.7683,1.0,0.7548,0.8714
79,0.8094,0.6477,0.7873,0.6123,0.5458,0.4444,0.4109,0.4416,0.5201,0.2514,0.5898,0.6073,0.5156,0.6084,0.4998,0.4206,0.3087,0.5626,0.3377,0.2113,0.2745,0.6748,0.4276,0.2355,0.297,0.1524,0.1985,0.2385,0.216,0.553,0.3268,0.2884,0.4037,0.5162,-0.1076,0.345,0.2806,0.2363,0.1986,0.1794,0.1935,0.1921,0.1625,0.4657,0.219,0.2439,0.3106,0.2619,0.1894,0.2628,0.2906,0.3935,0.2013,0.3332,0.2989,0.378,0.3806,0.3644,0.299,0.2863,0.2068,0.3972,0.3758,0.454,0.1077,0.3144,0.4405,0.4191,0.3206,0.4815,0.5931,0.5543,0.5645,0.4885,0.461,0.5116,0.4661,0.5331,0.7548,1.0,0.5186
80,0.5539,0.7323,0.8337,0.7976,0.7458,0.9146,0.4617,0.7637,0.6104,0.3434,0.8324,0.7716,0.6026,0.6379,0.644,0.7714,0.4604,0.7269,0.5146,0.48,0.5171,0.4171,0.5198,0.4802,0.4815,0.5166,0.5056,0.367,0.503,0.5137,0.5649,0.3275,0.6205,0.7687,-0.1138,0.5858,0.7648,0.7351,0.5463,0.6291,0.5707,0.5024,0.499,0.0692,0.6667,0.2717,0.5566,0.5551,0.4755,0.5749,0.5063,0.6975,0.3358,0.6933,0.6011,0.6642,0.7044,0.4445,0.7214,0.2475,0.4856,0.4493,0.3617,0.2447,0.4408,0.5128,0.6057,0.6775,0.4135,0.5657,0.688,0.6858,0.6254,0.5143,0.6809,0.6599,0.878,0.7305,0.8714,0.5186,1.0
